Season,Matchday,Pekan,Date,Home,Away,HG,AG,Result,xG_H,xG_A,Tuan_Rumah,Tim_Tamu,Gol_Tuan_Rumah,Gol_Tim_Tamu
2025/2026,1,1,2025-08-17,Barcelona,Levante,4,0,H,3.5,0.263,Barcelona,Levante,4,0
2025/2026,1,1,2025-08-16,Real Madrid,Real Oviedo,3,0,H,3.5,0.29,Real Madrid,Real Oviedo,3,0
2025/2026,1,1,2025-08-16,Villarreal,Girona,4,0,H,3.5,0.663,Villarreal,Girona,4,0
2025/2026,1,1,2025-08-17,Atlético Madrid,Valencia,2,0,H,1.799,0.289,Atlético Madrid,Valencia,2,0
2025/2026,1,1,2025-08-17,Espanyol,Osasuna,1,0,H,2.392,0.821,Espanyol,Osasuna,1,0
2025/2026,1,1,2025-08-17,Real Betis,Real Sociedad,0,1,A,0.657,0.335,Real Betis,Real Sociedad,0,1
2025/2026,1,1,2025-08-18,Athletic Bilbao,Mallorca,2,1,H,1.802,1.218,Athletic Bilbao,Mallorca,2,1
2025/2026,1,1,2025-08-17,Getafe,Sevilla,0,3,A,1.622,1.351,Getafe,Sevilla,0,3
2025/2026,1,1,2025-08-16,Elche,Rayo Vallecano,0,1,A,1.361,0.847,Elche,Rayo Vallecano,0,1
2025/2026,1,1,2025-08-16,Celta Vigo,Alavés,0,1,A,1.179,0.79,Celta Vigo,Alavés,0,1
2025/2026,2,2,2025-08-23,Rayo Vallecano,Barcelona,1,3,A,0.562,2.364,Rayo Vallecano,Barcelona,1,3
2025/2026,2,2,2025-08-24,Sevilla,Alavés,0,6,A,1.369,1.087,Sevilla,Alavés,0,6
2025/2026,2,2,2025-08-23,Mallorca,Real Madrid,0,0,D,0.888,2.902,Mallorca,Real Madrid,0,0
2025/2026,2,2,2025-08-24,Real Sociedad,Villarreal,0,1,A,0.887,1.665,Real Sociedad,Villarreal,0,1
2025/2026,2,2,2025-08-23,Osasuna,Atlético Madrid,1,0,H,0.448,1.212,Osasuna,Atlético Madrid,1,0
2025/2026,2,2,2025-08-24,Valencia,Espanyol,1,1,D,0.93,2.021,Valencia,Espanyol,1,1
2025/2026,2,2,2025-08-24,Girona,Real Betis,2,0,H,0.439,0.822,Girona,Real Betis,2,0
2025/2026,2,2,2025-08-23,Real Oviedo,Athletic Bilbao,2,1,H,0.698,1.595,Real Oviedo,Athletic Bilbao,2,1
2025/2026,2,2,2025-08-24,Levante,Getafe,0,0,D,0.74,1.168,Levante,Getafe,0,0
2025/2026,2,2,2025-08-25,Celta Vigo,Elche,2,0,H,1.452,1.095,Celta Vigo,Elche,2,0
2025/2026,3,3,2025-08-31,Barcelona,Levante,5,0,H,3.5,0.263,Barcelona,Levante,5,0
2025/2026,3,3,2025-08-31,Celta Vigo,Real Oviedo,4,0,H,1.996,0.422,Celta Vigo,Real Oviedo,4,0
2025/2026,3,3,2025-08-30,Alavés,Girona,1,0,H,1.833,0.718,Alavés,Girona,1,0
2025/2026,3,3,2025-08-30,Real Madrid,Valencia,1,0,H,3.5,0.514,Real Madrid,Valencia,1,0
2025/2026,3,3,2025-08-31,Villarreal,Osasuna,3,1,H,2.452,0.657,Villarreal,Osasuna,3,1
2025/2026,3,3,2025-09-01,Atlético Madrid,Real Sociedad,0,0,D,1.446,0.345,Atlético Madrid,Real Sociedad,0,0
2025/2026,3,3,2025-08-30,Espanyol,Mallorca,3,2,H,2.392,0.913,Espanyol,Mallorca,3,2
2025/2026,3,3,2025-08-31,Real Betis,Sevilla,2,1,H,0.856,0.477,Real Betis,Sevilla,2,1
2025/2026,3,3,2025-08-30,Athletic Bilbao,Rayo Vallecano,0,0,D,1.441,1.059,Athletic Bilbao,Rayo Vallecano,0,0
2025/2026,3,3,2025-08-31,Getafe,Elche,2,0,H,1.179,1.164,Getafe,Elche,2,0
2025/2026,4,4,2025-09-07,Rayo Vallecano,Barcelona,0,1,A,0.562,2.364,Rayo Vallecano,Barcelona,0,1
2025/2026,4,4,2025-09-07,Sevilla,Elche,0,2,A,1.685,1.506,Sevilla,Elche,0,2
2025/2026,4,4,2025-09-06,Mallorca,Celta Vigo,2,2,D,1.291,1.283,Mallorca,Celta Vigo,2,2
2025/2026,4,4,2025-09-06,Real Sociedad,Alavés,1,0,H,0.961,0.833,Real Sociedad,Alavés,1,0
2025/2026,4,4,2025-09-06,Osasuna,Real Madrid,0,2,A,0.798,2.902,Osasuna,Real Madrid,0,2
2025/2026,4,4,2025-09-08,Valencia,Villarreal,0,2,A,0.744,2.072,Valencia,Villarreal,0,2
2025/2026,4,4,2025-09-06,Girona,Atlético Madrid,0,2,A,0.452,1.81,Girona,Atlético Madrid,0,2
2025/2026,4,4,2025-09-07,Real Oviedo,Espanyol,1,3,A,0.524,2.117,Real Oviedo,Espanyol,1,3
2025/2026,4,4,2025-09-07,Levante,Real Betis,0,0,D,0.261,0.617,Levante,Real Betis,0,0
2025/2026,4,4,2025-09-07,Getafe,Athletic Bilbao,2,0,H,1.474,1.232,Getafe,Athletic Bilbao,2,0
2025/2026,5,5,2025-09-15,Barcelona,Levante,2,0,H,3.5,0.263,Barcelona,Levante,2,0
2025/2026,5,5,2025-09-14,Getafe,Real Oviedo,1,0,H,1.622,0.448,Getafe,Real Oviedo,1,0
2025/2026,5,5,2025-09-14,Elche,Girona,3,0,H,2.54,0.884,Elche,Girona,3,0
2025/2026,5,5,2025-09-13,Celta Vigo,Valencia,0,2,A,1.905,0.748,Celta Vigo,Valencia,0,2
2025/2026,5,5,2025-09-13,Alavés,Osasuna,3,0,H,1.227,0.711,Alavés,Osasuna,3,0
2025/2026,5,5,2025-09-13,Real Madrid,Real Sociedad,4,0,H,3.462,0.614,Real Madrid,Real Sociedad,4,0
2025/2026,5,5,2025-09-14,Villarreal,Mallorca,5,0,H,2.452,0.731,Villarreal,Mallorca,5,0
2025/2026,5,5,2025-09-14,Atlético Madrid,Sevilla,2,0,H,1.885,0.491,Atlético Madrid,Sevilla,2,0
2025/2026,5,5,2025-09-14,Espanyol,Rayo Vallecano,1,0,H,1.914,0.794,Espanyol,Rayo Vallecano,1,0
2025/2026,5,5,2025-09-13,Real Betis,Athletic Bilbao,1,1,D,0.779,0.435,Real Betis,Athletic Bilbao,1,1
2025/2026,6,6,2025-09-21,Rayo Vallecano,Barcelona,1,4,A,0.562,2.364,Rayo Vallecano,Barcelona,1,4
2025/2026,6,6,2025-09-20,Sevilla,Athletic Bilbao,1,1,D,2.106,1.595,Sevilla,Athletic Bilbao,1,1
2025/2026,6,6,2025-09-20,Mallorca,Getafe,0,2,A,1.372,1.043,Mallorca,Getafe,0,2
2025/2026,6,6,2025-09-20,Real Sociedad,Elche,2,1,H,1.183,1.155,Real Sociedad,Elche,2,1
2025/2026,6,6,2025-09-21,Osasuna,Celta Vigo,0,1,A,1.161,1.283,Osasuna,Celta Vigo,0,1
2025/2026,6,6,2025-09-21,Valencia,Alavés,0,1,A,0.806,1.037,Valencia,Alavés,0,1
2025/2026,6,6,2025-09-22,Girona,Real Madrid,3,0,H,0.806,3.0,Girona,Real Madrid,3,0
2025/2026,6,6,2025-09-21,Real Oviedo,Villarreal,1,4,A,0.419,2.171,Real Oviedo,Villarreal,1,4
2025/2026,6,6,2025-09-20,Levante,Atlético Madrid,1,0,H,0.269,1.358,Levante,Atlético Madrid,1,0
2025/2026,6,6,2025-09-21,Real Betis,Espanyol,0,2,A,0.584,0.577,Real Betis,Espanyol,0,2
2025/2026,7,7,2025-09-28,Barcelona,Levante,3,0,H,3.5,0.263,Barcelona,Levante,3,0
2025/2026,7,7,2025-09-28,Real Betis,Real Oviedo,3,0,H,0.856,0.2,Real Betis,Real Oviedo,3,0
2025/2026,7,7,2025-09-28,Athletic Bilbao,Girona,6,3,H,2.69,1.105,Athletic Bilbao,Girona,6,3
2025/2026,7,7,2025-09-29,Getafe,Valencia,2,0,H,1.548,0.795,Getafe,Valencia,2,0
2025/2026,7,7,2025-09-28,Elche,Osasuna,1,1,D,1.701,0.876,Elche,Osasuna,1,1
2025/2026,7,7,2025-09-27,Celta Vigo,Real Sociedad,1,0,H,1.531,0.893,Celta Vigo,Real Sociedad,1,0
2025/2026,7,7,2025-09-28,Alavés,Mallorca,0,1,A,1.227,0.791,Alavés,Mallorca,0,1
2025/2026,7,7,2025-09-27,Real Madrid,Sevilla,3,1,H,3.5,0.874,Real Madrid,Sevilla,3,1
2025/2026,7,7,2025-09-27,Villarreal,Rayo Vallecano,0,1,A,1.962,0.636,Villarreal,Rayo Vallecano,0,1
2025/2026,7,7,2025-09-27,Atlético Madrid,Espanyol,3,0,H,1.285,0.594,Atlético Madrid,Espanyol,3,0
2025/2026,8,8,2025-10-04,Rayo Vallecano,Barcelona,1,1,D,0.562,2.364,Rayo Vallecano,Barcelona,1,1
2025/2026,8,8,2025-10-04,Sevilla,Espanyol,0,4,A,1.58,2.117,Sevilla,Espanyol,0,4
2025/2026,8,8,2025-10-06,Mallorca,Real Betis,0,0,D,0.484,0.551,Mallorca,Real Betis,0,0
2025/2026,8,8,2025-10-05,Real Sociedad,Athletic Bilbao,3,3,D,1.479,1.223,Real Sociedad,Athletic Bilbao,3,3
2025/2026,8,8,2025-10-05,Osasuna,Getafe,1,1,D,1.233,1.043,Osasuna,Getafe,1,1
2025/2026,8,8,2025-10-04,Valencia,Elche,0,0,D,0.992,1.437,Valencia,Elche,0,0
2025/2026,8,8,2025-10-04,Girona,Celta Vigo,0,0,D,1.172,1.917,Girona,Celta Vigo,0,0
2025/2026,8,8,2025-10-05,Real Oviedo,Alavés,1,1,D,0.454,1.087,Real Oviedo,Alavés,1,1
2025/2026,8,8,2025-10-05,Levante,Real Madrid,0,2,A,0.479,3.0,Levante,Real Madrid,0,2
2025/2026,8,8,2025-10-05,Atlético Madrid,Villarreal,1,1,D,1.028,0.609,Atlético Madrid,Villarreal,1,1
2025/2026,9,9,2025-10-12,Barcelona,Levante,5,0,H,3.5,0.263,Barcelona,Levante,5,0
2025/2026,9,9,2025-10-11,Atlético Madrid,Real Oviedo,1,0,H,1.885,0.2,Atlético Madrid,Real Oviedo,1,0
2025/2026,9,9,2025-10-12,Espanyol,Girona,7,2,H,3.5,0.829,Espanyol,Girona,7,2
2025/2026,9,9,2025-10-12,Real Betis,Valencia,0,0,D,0.817,0.281,Real Betis,Valencia,0,0
2025/2026,9,9,2025-10-12,Athletic Bilbao,Osasuna,0,0,D,1.802,1.094,Athletic Bilbao,Osasuna,0,0
2025/2026,9,9,2025-10-12,Getafe,Real Sociedad,1,0,H,1.244,0.948,Getafe,Real Sociedad,1,0
2025/2026,9,9,2025-10-13,Elche,Mallorca,1,1,D,1.701,0.974,Elche,Mallorca,1,1
2025/2026,9,9,2025-10-11,Celta Vigo,Sevilla,0,4,A,1.996,1.271,Celta Vigo,Sevilla,0,4
2025/2026,9,9,2025-10-11,Alavés,Rayo Vallecano,0,0,D,0.982,0.689,Alavés,Rayo Vallecano,0,0
2025/2026,9,9,2025-10-11,Real Madrid,Villarreal,5,1,H,2.462,1.085,Real Madrid,Villarreal,5,1
2025/2026,10,10,2025-10-19,Rayo Vallecano,Barcelona,1,2,A,0.562,2.364,Rayo Vallecano,Barcelona,1,2
2025/2026,10,10,2025-10-20,Sevilla,Villarreal,3,2,H,1.264,2.171,Sevilla,Villarreal,3,2
2025/2026,10,10,2025-10-18,Mallorca,Atlético Madrid,1,2,A,0.498,1.212,Mallorca,Atlético Madrid,1,2
2025/2026,10,10,2025-10-19,Real Sociedad,Espanyol,2,1,H,1.109,1.624,Real Sociedad,Espanyol,2,1
2025/2026,10,10,2025-10-18,Osasuna,Real Betis,1,2,A,0.435,0.551,Osasuna,Real Betis,1,2
2025/2026,10,10,2025-10-19,Valencia,Athletic Bilbao,1,2,A,1.24,1.522,Valencia,Athletic Bilbao,1,2
2025/2026,10,10,2025-10-19,Girona,Getafe,1,0,H,1.245,1.557,Girona,Getafe,1,0
2025/2026,10,10,2025-10-18,Real Oviedo,Elche,1,0,H,0.559,1.506,Real Oviedo,Elche,1,0
2025/2026,10,10,2025-10-18,Levante,Celta Vigo,0,1,A,0.696,1.437,Levante,Celta Vigo,0,1
2025/2026,10,10,2025-10-19,Real Madrid,Alavés,2,0,H,2.667,0.543,Real Madrid,Alavés,2,0
2025/2026,11,11,2025-10-25,Barcelona,Levante,7,0,H,3.5,0.263,Barcelona,Levante,7,0
2025/2026,11,11,2025-10-25,Real Madrid,Real Oviedo,4,0,H,3.5,0.29,Real Madrid,Real Oviedo,4,0
2025/2026,11,11,2025-10-25,Villarreal,Girona,0,0,D,3.5,0.663,Villarreal,Girona,0,0
2025/2026,11,11,2025-10-26,Atlético Madrid,Valencia,0,0,D,1.799,0.289,Atlético Madrid,Valencia,0,0
2025/2026,11,11,2025-10-26,Espanyol,Osasuna,1,1,D,2.392,0.821,Espanyol,Osasuna,1,1
2025/2026,11,11,2025-10-26,Real Betis,Real Sociedad,1,0,H,0.657,0.335,Real Betis,Real Sociedad,1,0
2025/2026,11,11,2025-10-26,Athletic Bilbao,Mallorca,3,1,H,1.802,1.218,Athletic Bilbao,Mallorca,3,1
2025/2026,11,11,2025-10-27,Getafe,Sevilla,3,3,D,1.622,1.351,Getafe,Sevilla,3,3
2025/2026,11,11,2025-10-26,Elche,Rayo Vallecano,2,2,D,1.361,0.847,Elche,Rayo Vallecano,2,2
2025/2026,11,11,2025-10-25,Celta Vigo,Alavés,0,2,A,1.179,0.79,Celta Vigo,Alavés,0,2
2025/2026,12,12,2025-11-03,Rayo Vallecano,Barcelona,1,1,D,0.562,2.364,Rayo Vallecano,Barcelona,1,1
2025/2026,12,12,2025-11-01,Sevilla,Alavés,1,0,H,1.369,1.087,Sevilla,Alavés,1,0
2025/2026,12,12,2025-11-01,Mallorca,Real Madrid,3,3,D,0.888,2.902,Mallorca,Real Madrid,3,3
2025/2026,12,12,2025-11-02,Real Sociedad,Villarreal,4,3,H,0.887,1.665,Real Sociedad,Villarreal,4,3
2025/2026,12,12,2025-11-02,Osasuna,Atlético Madrid,0,3,A,0.448,1.212,Osasuna,Atlético Madrid,0,3
2025/2026,12,12,2025-11-02,Valencia,Espanyol,1,5,A,0.93,2.021,Valencia,Espanyol,1,5
2025/2026,12,12,2025-11-02,Girona,Real Betis,0,4,A,0.439,0.822,Girona,Real Betis,0,4
2025/2026,12,12,2025-11-02,Real Oviedo,Athletic Bilbao,3,1,H,0.698,1.595,Real Oviedo,Athletic Bilbao,3,1
2025/2026,12,12,2025-11-01,Levante,Getafe,2,2,D,0.74,1.168,Levante,Getafe,2,2
2025/2026,12,12,2025-11-01,Celta Vigo,Elche,0,2,A,1.452,1.095,Celta Vigo,Elche,0,2
2025/2026,13,13,2025-11-08,Barcelona,Levante,6,0,H,3.5,0.263,Barcelona,Levante,6,0
2025/2026,13,13,2025-11-09,Celta Vigo,Real Oviedo,3,0,H,1.996,0.422,Celta Vigo,Real Oviedo,3,0
2025/2026,13,13,2025-11-10,Alavés,Girona,0,0,D,1.833,0.718,Alavés,Girona,0,0
2025/2026,13,13,2025-11-08,Real Madrid,Valencia,5,1,H,3.5,0.514,Real Madrid,Valencia,5,1
2025/2026,13,13,2025-11-09,Villarreal,Osasuna,3,1,H,2.452,0.657,Villarreal,Osasuna,3,1
2025/2026,13,13,2025-11-09,Atlético Madrid,Real Sociedad,1,1,D,1.446,0.345,Atlético Madrid,Real Sociedad,1,1
2025/2026,13,13,2025-11-08,Espanyol,Mallorca,2,0,H,2.392,0.913,Espanyol,Mallorca,2,0
2025/2026,13,13,2025-11-09,Real Betis,Sevilla,0,0,D,0.856,0.477,Real Betis,Sevilla,0,0
2025/2026,13,13,2025-11-09,Athletic Bilbao,Rayo Vallecano,0,0,D,1.441,1.059,Athletic Bilbao,Rayo Vallecano,0,0
2025/2026,13,13,2025-11-08,Getafe,Elche,1,1,D,1.179,1.164,Getafe,Elche,1,1
2025/2026,14,14,2025-11-16,Rayo Vallecano,Barcelona,0,2,A,0.562,2.364,Rayo Vallecano,Barcelona,0,2
2025/2026,14,14,2025-11-15,Sevilla,Elche,0,0,D,1.685,1.506,Sevilla,Elche,0,0
2025/2026,14,14,2025-11-16,Mallorca,Celta Vigo,1,0,H,1.291,1.283,Mallorca,Celta Vigo,1,0
2025/2026,14,14,2025-11-15,Real Sociedad,Alavés,0,1,A,0.961,0.833,Real Sociedad,Alavés,0,1
2025/2026,14,14,2025-11-16,Osasuna,Real Madrid,0,2,A,0.798,2.902,Osasuna,Real Madrid,0,2
2025/2026,14,14,2025-11-16,Valencia,Villarreal,2,2,D,0.744,2.072,Valencia,Villarreal,2,2
2025/2026,14,14,2025-11-15,Girona,Atlético Madrid,0,2,A,0.452,1.81,Girona,Atlético Madrid,0,2
2025/2026,14,14,2025-11-17,Real Oviedo,Espanyol,0,2,A,0.524,2.117,Real Oviedo,Espanyol,0,2
2025/2026,14,14,2025-11-15,Levante,Real Betis,0,0,D,0.261,0.617,Levante,Real Betis,0,0
2025/2026,14,14,2025-11-16,Getafe,Athletic Bilbao,1,0,H,1.474,1.232,Getafe,Athletic Bilbao,1,0
2025/2026,15,15,2025-11-22,Barcelona,Levante,4,0,H,3.5,0.263,Barcelona,Levante,4,0
2025/2026,15,15,2025-11-23,Getafe,Real Oviedo,1,0,H,1.622,0.448,Getafe,Real Oviedo,1,0
2025/2026,15,15,2025-11-24,Elche,Girona,1,0,H,2.54,0.884,Elche,Girona,1,0
2025/2026,15,15,2025-11-22,Celta Vigo,Valencia,1,0,H,1.905,0.748,Celta Vigo,Valencia,1,0
2025/2026,15,15,2025-11-22,Alavés,Osasuna,3,1,H,1.227,0.711,Alavés,Osasuna,3,1
2025/2026,15,15,2025-11-23,Real Madrid,Real Sociedad,4,0,H,3.462,0.614,Real Madrid,Real Sociedad,4,0
2025/2026,15,15,2025-11-23,Villarreal,Mallorca,3,2,H,2.452,0.731,Villarreal,Mallorca,3,2
2025/2026,15,15,2025-11-23,Atlético Madrid,Sevilla,0,0,D,1.885,0.491,Atlético Madrid,Sevilla,0,0
2025/2026,15,15,2025-11-23,Espanyol,Rayo Vallecano,1,0,H,1.914,0.794,Espanyol,Rayo Vallecano,1,0
2025/2026,15,15,2025-11-22,Real Betis,Athletic Bilbao,0,0,D,0.779,0.435,Real Betis,Athletic Bilbao,0,0
2025/2026,16,16,2025-11-29,Rayo Vallecano,Barcelona,1,3,A,0.562,2.364,Rayo Vallecano,Barcelona,1,3
2025/2026,16,16,2025-11-30,Sevilla,Athletic Bilbao,4,0,H,2.106,1.595,Sevilla,Athletic Bilbao,4,0
2025/2026,16,16,2025-11-30,Mallorca,Getafe,3,0,H,1.372,1.043,Mallorca,Getafe,3,0
2025/2026,16,16,2025-11-29,Real Sociedad,Elche,1,1,D,1.183,1.155,Real Sociedad,Elche,1,1
2025/2026,16,16,2025-12-01,Osasuna,Celta Vigo,1,0,H,1.161,1.283,Osasuna,Celta Vigo,1,0
2025/2026,16,16,2025-11-30,Valencia,Alavés,1,1,D,0.806,1.037,Valencia,Alavés,1,1
2025/2026,16,16,2025-11-30,Girona,Real Madrid,1,1,D,0.806,3.0,Girona,Real Madrid,1,1
2025/2026,16,16,2025-11-29,Real Oviedo,Villarreal,0,0,D,0.419,2.171,Real Oviedo,Villarreal,0,0
2025/2026,16,16,2025-11-30,Levante,Atlético Madrid,1,1,D,0.269,1.358,Levante,Atlético Madrid,1,1
2025/2026,16,16,2025-11-29,Real Betis,Espanyol,1,1,D,0.584,0.577,Real Betis,Espanyol,1,1
2025/2026,17,17,2025-12-07,Barcelona,Levante,5,0,H,3.5,0.263,Barcelona,Levante,5,0
2025/2026,17,17,2025-12-08,Real Betis,Real Oviedo,1,0,H,0.856,0.2,Real Betis,Real Oviedo,1,0
2025/2026,17,17,2025-12-07,Athletic Bilbao,Girona,3,1,H,2.69,1.105,Athletic Bilbao,Girona,3,1
2025/2026,17,17,2025-12-06,Getafe,Valencia,0,0,D,1.548,0.795,Getafe,Valencia,0,0
2025/2026,17,17,2025-12-07,Elche,Osasuna,3,1,H,1.701,0.876,Elche,Osasuna,3,1
2025/2026,17,17,2025-12-06,Celta Vigo,Real Sociedad,2,1,H,1.531,0.893,Celta Vigo,Real Sociedad,2,1
2025/2026,17,17,2025-12-06,Alavés,Mallorca,2,1,H,1.227,0.791,Alavés,Mallorca,2,1
2025/2026,17,17,2025-12-06,Real Madrid,Sevilla,5,0,H,3.5,0.874,Real Madrid,Sevilla,5,0
2025/2026,17,17,2025-12-07,Villarreal,Rayo Vallecano,0,1,A,1.962,0.636,Villarreal,Rayo Vallecano,0,1
2025/2026,17,17,2025-12-07,Atlético Madrid,Espanyol,3,0,H,1.285,0.594,Atlético Madrid,Espanyol,3,0
2025/2026,18,18,2025-12-14,Rayo Vallecano,Barcelona,0,1,A,0.562,2.364,Rayo Vallecano,Barcelona,0,1
2025/2026,18,18,2025-12-14,Sevilla,Espanyol,3,1,H,1.58,2.117,Sevilla,Espanyol,3,1
2025/2026,18,18,2025-12-13,Mallorca,Real Betis,1,0,H,0.484,0.551,Mallorca,Real Betis,1,0
2025/2026,18,18,2025-12-14,Real Sociedad,Athletic Bilbao,1,0,H,1.479,1.223,Real Sociedad,Athletic Bilbao,1,0
2025/2026,18,18,2025-12-15,Osasuna,Getafe,3,1,H,1.233,1.043,Osasuna,Getafe,3,1
2025/2026,18,18,2025-12-14,Valencia,Elche,0,0,D,0.992,1.437,Valencia,Elche,0,0
2025/2026,18,18,2025-12-13,Girona,Celta Vigo,2,2,D,1.172,1.917,Girona,Celta Vigo,2,2
2025/2026,18,18,2025-12-13,Real Oviedo,Alavés,0,1,A,0.454,1.087,Real Oviedo,Alavés,0,1
2025/2026,18,18,2025-12-13,Levante,Real Madrid,0,6,A,0.479,3.0,Levante,Real Madrid,0,6
2025/2026,18,18,2025-12-14,Atlético Madrid,Villarreal,1,0,H,1.028,0.609,Atlético Madrid,Villarreal,1,0
2025/2026,19,19,2025-12-20,Barcelona,Levante,6,0,H,3.5,0.263,Barcelona,Levante,6,0
2025/2026,19,19,2025-12-20,Atlético Madrid,Real Oviedo,4,0,H,1.885,0.2,Atlético Madrid,Real Oviedo,4,0
2025/2026,19,19,2025-12-20,Espanyol,Girona,2,0,H,3.5,0.829,Espanyol,Girona,2,0
2025/2026,19,19,2025-12-21,Real Betis,Valencia,0,0,D,0.817,0.281,Real Betis,Valencia,0,0
2025/2026,19,19,2025-12-21,Athletic Bilbao,Osasuna,2,1,H,1.802,1.094,Athletic Bilbao,Osasuna,2,1
2025/2026,19,19,2025-12-21,Getafe,Real Sociedad,0,1,A,1.244,0.948,Getafe,Real Sociedad,0,1
2025/2026,19,19,2025-12-21,Elche,Mallorca,0,1,A,1.701,0.974,Elche,Mallorca,0,1
2025/2026,19,19,2025-12-22,Celta Vigo,Sevilla,3,0,H,1.996,1.271,Celta Vigo,Sevilla,3,0
2025/2026,19,19,2025-12-21,Alavés,Rayo Vallecano,1,1,D,0.982,0.689,Alavés,Rayo Vallecano,1,1
2025/2026,19,19,2025-12-20,Real Madrid,Villarreal,1,2,A,2.462,1.085,Real Madrid,Villarreal,1,2
2025/2026,20,20,2025-12-28,Levante,Barcelona,0,3,A,0.348,3.0,Levante,Barcelona,0,3
2025/2026,20,20,2025-12-27,Real Oviedo,Real Madrid,0,0,D,0.384,3.0,Real Oviedo,Real Madrid,0,0
2025/2026,20,20,2025-12-29,Girona,Villarreal,1,1,D,0.879,2.763,Girona,Villarreal,1,1
2025/2026,20,20,2025-12-27,Valencia,Atlético Madrid,0,1,A,0.383,1.358,Valencia,Atlético Madrid,0,1
2025/2026,20,20,2025-12-27,Osasuna,Espanyol,1,0,H,1.088,1.805,Osasuna,Espanyol,1,0
2025/2026,20,20,2025-12-28,Real Sociedad,Real Betis,0,2,A,0.444,0.496,Real Sociedad,Real Betis,0,2
2025/2026,20,20,2025-12-28,Mallorca,Athletic Bilbao,1,1,D,1.614,1.359,Mallorca,Athletic Bilbao,1,1
2025/2026,20,20,2025-12-28,Sevilla,Getafe,0,2,A,1.79,1.223,Sevilla,Getafe,0,2
2025/2026,20,20,2025-12-27,Rayo Vallecano,Elche,0,0,D,1.123,1.027,Rayo Vallecano,Elche,0,0
2025/2026,20,20,2025-12-28,Alavés,Celta Vigo,1,0,H,1.047,0.89,Alavés,Celta Vigo,1,0
2025/2026,21,21,2026-01-03,Barcelona,Rayo Vallecano,3,0,H,3.133,0.424,Barcelona,Rayo Vallecano,3,0
2025/2026,21,21,2026-01-03,Alavés,Sevilla,1,2,A,1.44,1.033,Alavés,Sevilla,1,2
2025/2026,21,21,2026-01-04,Real Madrid,Mallorca,4,0,H,3.5,0.67,Real Madrid,Mallorca,4,0
2025/2026,21,21,2026-01-03,Villarreal,Real Sociedad,1,0,H,2.207,0.67,Villarreal,Real Sociedad,1,0
2025/2026,21,21,2026-01-04,Atlético Madrid,Osasuna,3,0,H,1.607,0.338,Atlético Madrid,Osasuna,3,0
2025/2026,21,21,2026-01-05,Espanyol,Valencia,2,0,H,2.679,0.701,Espanyol,Valencia,2,0
2025/2026,21,21,2026-01-03,Real Betis,Girona,1,0,H,1.09,0.332,Real Betis,Girona,1,0
2025/2026,21,21,2026-01-04,Athletic Bilbao,Real Oviedo,3,0,H,2.114,0.527,Athletic Bilbao,Real Oviedo,3,0
2025/2026,21,21,2026-01-04,Getafe,Levante,4,0,H,1.548,0.558,Getafe,Levante,4,0
2025/2026,21,21,2026-01-04,Elche,Celta Vigo,1,1,D,1.452,1.095,Elche,Celta Vigo,1,1
2025/2026,22,22,2026-01-10,Levante,Barcelona,0,4,A,0.348,3.0,Levante,Barcelona,0,4
2025/2026,22,22,2026-01-10,Real Oviedo,Celta Vigo,0,1,A,0.559,1.506,Real Oviedo,Celta Vigo,0,1
2025/2026,22,22,2026-01-11,Girona,Alavés,1,3,A,0.952,1.383,Girona,Alavés,1,3
2025/2026,22,22,2026-01-11,Valencia,Real Madrid,0,4,A,0.682,3.0,Valencia,Real Madrid,0,4
2025/2026,22,22,2026-01-12,Osasuna,Villarreal,1,2,A,0.87,1.85,Osasuna,Villarreal,1,2
2025/2026,22,22,2026-01-11,Real Sociedad,Atlético Madrid,0,0,D,0.457,1.091,Real Sociedad,Atlético Madrid,0,0
2025/2026,22,22,2026-01-11,Mallorca,Espanyol,0,1,A,1.21,1.805,Mallorca,Espanyol,0,1
2025/2026,22,22,2026-01-10,Sevilla,Real Betis,1,0,H,0.632,0.646,Sevilla,Real Betis,1,0
2025/2026,22,22,2026-01-11,Rayo Vallecano,Athletic Bilbao,1,1,D,1.404,1.087,Rayo Vallecano,Athletic Bilbao,1,1
2025/2026,22,22,2026-01-10,Elche,Getafe,2,2,D,1.542,0.89,Elche,Getafe,2,2
2025/2026,23,23,2026-01-18,Barcelona,Rayo Vallecano,0,0,D,3.133,0.424,Barcelona,Rayo Vallecano,0,0
2025/2026,23,23,2026-01-18,Elche,Sevilla,1,2,A,1.996,1.271,Elche,Sevilla,1,2
2025/2026,23,23,2026-01-18,Celta Vigo,Mallorca,1,0,H,1.701,0.974,Celta Vigo,Mallorca,1,0
2025/2026,23,23,2026-01-18,Alavés,Real Sociedad,2,0,H,1.105,0.725,Alavés,Real Sociedad,2,0
2025/2026,23,23,2026-01-18,Real Madrid,Osasuna,5,0,H,3.5,0.602,Real Madrid,Osasuna,5,0
2025/2026,23,23,2026-01-17,Villarreal,Valencia,2,1,H,2.746,0.561,Villarreal,Valencia,2,1
2025/2026,23,23,2026-01-19,Atlético Madrid,Girona,2,1,H,2.399,0.341,Atlético Madrid,Girona,2,1
2025/2026,23,23,2026-01-17,Espanyol,Real Oviedo,4,0,H,2.807,0.395,Espanyol,Real Oviedo,4,0
2025/2026,23,23,2026-01-17,Real Betis,Levante,2,0,H,0.817,0.2,Real Betis,Levante,2,0
2025/2026,23,23,2026-01-17,Athletic Bilbao,Getafe,1,2,A,1.633,1.112,Athletic Bilbao,Getafe,1,2
2025/2026,24,24,2026-01-25,Levante,Barcelona,0,7,A,0.348,3.0,Levante,Barcelona,0,7
2025/2026,24,24,2026-01-24,Real Oviedo,Getafe,1,1,D,0.594,1.223,Real Oviedo,Getafe,1,1
2025/2026,24,24,2026-01-24,Girona,Elche,0,0,D,1.172,1.917,Girona,Elche,0,0
2025/2026,24,24,2026-01-26,Valencia,Celta Vigo,1,1,D,0.992,1.437,Valencia,Celta Vigo,1,1
2025/2026,24,24,2026-01-25,Osasuna,Alavés,0,2,A,0.943,0.926,Osasuna,Alavés,0,2
2025/2026,24,24,2026-01-25,Real Sociedad,Real Madrid,2,1,H,0.813,2.612,Real Sociedad,Real Madrid,2,1
2025/2026,24,24,2026-01-25,Mallorca,Villarreal,1,5,A,0.968,1.85,Mallorca,Villarreal,1,5
2025/2026,24,24,2026-01-24,Sevilla,Atlético Madrid,1,4,A,0.65,1.422,Sevilla,Atlético Madrid,1,4
2025/2026,24,24,2026-01-25,Rayo Vallecano,Espanyol,1,1,D,1.053,1.444,Rayo Vallecano,Espanyol,1,1
2025/2026,24,24,2026-01-24,Athletic Bilbao,Real Betis,0,0,D,0.576,0.587,Athletic Bilbao,Real Betis,0,0
2025/2026,25,25,2026-02-02,Barcelona,Rayo Vallecano,2,0,H,3.133,0.424,Barcelona,Rayo Vallecano,2,0
2025/2026,25,25,2026-02-01,Athletic Bilbao,Sevilla,0,2,A,2.114,1.589,Athletic Bilbao,Sevilla,0,2
2025/2026,25,25,2026-02-01,Getafe,Mallorca,1,2,A,1.382,1.035,Getafe,Mallorca,1,2
2025/2026,25,25,2026-01-31,Elche,Real Sociedad,3,1,H,1.531,0.893,Elche,Real Sociedad,3,1
2025/2026,25,25,2026-02-01,Celta Vigo,Osasuna,3,1,H,1.701,0.876,Celta Vigo,Osasuna,3,1
2025/2026,25,25,2026-02-01,Alavés,Valencia,0,0,D,1.375,0.608,Alavés,Valencia,0,0
2025/2026,25,25,2026-01-31,Real Madrid,Girona,3,0,H,3.5,0.608,Real Madrid,Girona,3,0
2025/2026,25,25,2026-01-31,Villarreal,Real Oviedo,5,1,H,2.877,0.316,Villarreal,Real Oviedo,5,1
2025/2026,25,25,2026-01-31,Atlético Madrid,Levante,0,0,D,1.799,0.203,Atlético Madrid,Levante,0,0
2025/2026,25,25,2026-02-01,Espanyol,Real Betis,0,0,D,0.765,0.441,Espanyol,Real Betis,0,0
2025/2026,26,26,2026-02-09,Levante,Barcelona,0,2,A,0.348,3.0,Levante,Barcelona,0,2
2025/2026,26,26,2026-02-08,Real Oviedo,Real Betis,1,0,H,0.21,0.646,Real Oviedo,Real Betis,1,0
2025/2026,26,26,2026-02-08,Girona,Athletic Bilbao,5,0,H,1.465,2.03,Girona,Athletic Bilbao,5,0
2025/2026,26,26,2026-02-08,Valencia,Getafe,1,0,H,1.054,1.168,Valencia,Getafe,1,0
2025/2026,26,26,2026-02-07,Osasuna,Elche,2,0,H,1.161,1.283,Osasuna,Elche,2,0
2025/2026,26,26,2026-02-07,Real Sociedad,Celta Vigo,1,2,A,1.183,1.155,Real Sociedad,Celta Vigo,1,2
2025/2026,26,26,2026-02-08,Mallorca,Alavés,2,1,H,1.049,0.926,Mallorca,Alavés,2,1
2025/2026,26,26,2026-02-07,Sevilla,Real Madrid,0,7,A,1.158,3.0,Sevilla,Real Madrid,0,7
2025/2026,26,26,2026-02-07,Rayo Vallecano,Villarreal,0,2,A,0.842,1.48,Rayo Vallecano,Villarreal,0,2
2025/2026,26,26,2026-02-08,Espanyol,Atlético Madrid,1,0,H,0.788,0.97,Espanyol,Atlético Madrid,1,0
2025/2026,27,27,2026-02-15,Barcelona,Rayo Vallecano,4,0,H,3.133,0.424,Barcelona,Rayo Vallecano,4,0
2025/2026,27,27,2026-02-14,Espanyol,Sevilla,4,2,H,2.807,1.192,Espanyol,Sevilla,4,2
2025/2026,27,27,2026-02-15,Real Betis,Mallorca,0,1,A,0.73,0.365,Real Betis,Mallorca,0,1
2025/2026,27,27,2026-02-14,Athletic Bilbao,Real Sociedad,3,0,H,1.621,1.116,Athletic Bilbao,Real Sociedad,3,0
2025/2026,27,27,2026-02-15,Getafe,Osasuna,2,0,H,1.382,0.93,Getafe,Osasuna,2,0
2025/2026,27,27,2026-02-16,Elche,Valencia,1,1,D,1.905,0.748,Elche,Valencia,1,1
2025/2026,27,27,2026-02-14,Celta Vigo,Girona,1,4,A,2.54,0.884,Celta Vigo,Girona,1,4
2025/2026,27,27,2026-02-15,Alavés,Real Oviedo,1,0,H,1.44,0.343,Alavés,Real Oviedo,1,0
2025/2026,27,27,2026-02-15,Real Madrid,Levante,5,1,H,3.5,0.361,Real Madrid,Levante,5,1
2025/2026,27,27,2026-02-14,Villarreal,Atlético Madrid,1,2,A,0.808,0.776,Villarreal,Atlético Madrid,1,2
2025/2026,28,28,2026-02-22,Levante,Barcelona,0,4,A,0.348,3.0,Levante,Barcelona,0,4
2025/2026,28,28,2026-02-21,Real Oviedo,Atlético Madrid,0,3,A,0.216,1.422,Real Oviedo,Atlético Madrid,0,3
2025/2026,28,28,2026-02-21,Girona,Espanyol,0,4,A,1.099,2.695,Girona,Espanyol,0,4
2025/2026,28,28,2026-02-22,Valencia,Real Betis,0,1,A,0.372,0.617,Valencia,Real Betis,0,1
2025/2026,28,28,2026-02-22,Osasuna,Athletic Bilbao,3,5,A,1.451,1.359,Osasuna,Athletic Bilbao,3,5
2025/2026,28,28,2026-02-22,Real Sociedad,Getafe,0,0,D,1.257,0.938,Real Sociedad,Getafe,0,0
2025/2026,28,28,2026-02-21,Mallorca,Elche,3,0,H,1.291,1.283,Mallorca,Elche,3,0
2025/2026,28,28,2026-02-23,Sevilla,Celta Vigo,0,2,A,1.685,1.506,Sevilla,Celta Vigo,0,2
2025/2026,28,28,2026-02-22,Rayo Vallecano,Alavés,1,1,D,0.913,0.741,Rayo Vallecano,Alavés,1,1
2025/2026,28,28,2026-02-21,Villarreal,Real Madrid,2,0,H,1.438,1.857,Villarreal,Real Madrid,2,0
2025/2026,29,29,2026-03-02,Barcelona,Rayo Vallecano,1,0,H,3.133,0.424,Barcelona,Rayo Vallecano,1,0
2025/2026,29,29,2026-03-01,Villarreal,Sevilla,5,1,H,2.877,0.953,Villarreal,Sevilla,5,1
2025/2026,29,29,2026-03-01,Atlético Madrid,Mallorca,2,0,H,1.607,0.376,Atlético Madrid,Mallorca,2,0
2025/2026,29,29,2026-02-28,Espanyol,Real Sociedad,3,0,H,2.153,0.837,Espanyol,Real Sociedad,3,0
2025/2026,29,29,2026-03-01,Real Betis,Osasuna,1,0,H,0.73,0.328,Real Betis,Osasuna,1,0
2025/2026,29,29,2026-02-28,Athletic Bilbao,Valencia,0,0,D,2.018,0.935,Athletic Bilbao,Valencia,0,0
2025/2026,29,29,2026-02-28,Getafe,Girona,1,2,A,2.064,0.939,Getafe,Girona,1,2
2025/2026,29,29,2026-03-01,Elche,Real Oviedo,1,0,H,1.996,0.422,Elche,Real Oviedo,1,0
2025/2026,29,29,2026-03-01,Celta Vigo,Levante,2,1,H,1.905,0.525,Celta Vigo,Levante,2,1
2025/2026,29,29,2026-02-28,Alavés,Real Madrid,1,5,A,0.72,2.012,Alavés,Real Madrid,1,5
2025/2026,30,30,2026-03-09,Levante,Barcelona,1,5,A,0.348,3.0,Levante,Barcelona,1,5
2025/2026,30,30,2026-03-07,Real Oviedo,Real Madrid,0,1,A,0.384,3.0,Real Oviedo,Real Madrid,0,1
2025/2026,30,30,2026-03-08,Girona,Villarreal,1,2,A,0.879,2.763,Girona,Villarreal,1,2
2025/2026,30,30,2026-03-08,Valencia,Atlético Madrid,1,2,A,0.383,1.358,Valencia,Atlético Madrid,1,2
2025/2026,30,30,2026-03-07,Osasuna,Espanyol,0,3,A,1.088,1.805,Osasuna,Espanyol,0,3
2025/2026,30,30,2026-03-07,Real Sociedad,Real Betis,1,0,H,0.444,0.496,Real Sociedad,Real Betis,1,0
2025/2026,30,30,2026-03-08,Mallorca,Athletic Bilbao,1,3,A,1.614,1.359,Mallorca,Athletic Bilbao,1,3
2025/2026,30,30,2026-03-08,Sevilla,Getafe,1,1,D,1.79,1.223,Sevilla,Getafe,1,1
2025/2026,30,30,2026-03-08,Rayo Vallecano,Elche,2,1,H,1.123,1.027,Rayo Vallecano,Elche,2,1
2025/2026,30,30,2026-03-07,Alavés,Celta Vigo,2,0,H,1.047,0.89,Alavés,Celta Vigo,2,0
2025/2026,31,31,2026-03-15,Barcelona,Rayo Vallecano,5,0,H,3.133,0.424,Barcelona,Rayo Vallecano,5,0
2025/2026,31,31,2026-03-15,Alavés,Sevilla,2,0,H,1.44,1.033,Alavés,Sevilla,2,0
2025/2026,31,31,2026-03-16,Real Madrid,Mallorca,4,1,H,3.5,0.67,Real Madrid,Mallorca,4,1
2025/2026,31,31,2026-03-15,Villarreal,Real Sociedad,2,0,H,2.207,0.67,Villarreal,Real Sociedad,2,0
2025/2026,31,31,2026-03-15,Atlético Madrid,Osasuna,2,0,H,1.607,0.338,Atlético Madrid,Osasuna,2,0
2025/2026,31,31,2026-03-14,Espanyol,Valencia,2,1,H,2.679,0.701,Espanyol,Valencia,2,1
2025/2026,31,31,2026-03-14,Real Betis,Girona,0,0,D,1.09,0.332,Real Betis,Girona,0,0
2025/2026,31,31,2026-03-15,Athletic Bilbao,Real Oviedo,1,0,H,2.114,0.527,Athletic Bilbao,Real Oviedo,1,0
2025/2026,31,31,2026-03-14,Getafe,Levante,2,1,H,1.548,0.558,Getafe,Levante,2,1
2025/2026,31,31,2026-03-14,Elche,Celta Vigo,0,0,D,1.452,1.095,Elche,Celta Vigo,0,0
2025/2026,32,32,2026-03-22,Levante,Barcelona,0,7,A,0.348,3.0,Levante,Barcelona,0,7
2025/2026,32,32,2026-03-21,Real Oviedo,Celta Vigo,0,1,A,0.559,1.506,Real Oviedo,Celta Vigo,0,1
2025/2026,32,32,2026-03-21,Girona,Alavés,2,0,H,0.952,1.383,Girona,Alavés,2,0
2025/2026,32,32,2026-03-22,Valencia,Real Madrid,0,3,A,0.682,3.0,Valencia,Real Madrid,0,3
2025/2026,32,32,2026-03-21,Osasuna,Villarreal,0,2,A,0.87,1.85,Osasuna,Villarreal,0,2
2025/2026,32,32,2026-03-22,Real Sociedad,Atlético Madrid,1,2,A,0.457,1.091,Real Sociedad,Atlético Madrid,1,2
2025/2026,32,32,2026-03-22,Mallorca,Espanyol,2,0,H,1.21,1.805,Mallorca,Espanyol,2,0
2025/2026,32,32,2026-03-22,Sevilla,Real Betis,0,1,A,0.632,0.646,Sevilla,Real Betis,0,1
2025/2026,32,32,2026-03-23,Rayo Vallecano,Athletic Bilbao,2,1,H,1.404,1.087,Rayo Vallecano,Athletic Bilbao,2,1
2025/2026,32,32,2026-03-21,Elche,Getafe,1,3,A,1.542,0.89,Elche,Getafe,1,3
2025/2026,33,33,2026-03-29,Barcelona,Rayo Vallecano,4,1,H,3.133,0.424,Barcelona,Rayo Vallecano,4,1
2025/2026,33,33,2026-03-29,Elche,Sevilla,2,1,H,1.996,1.271,Elche,Sevilla,2,1
2025/2026,33,33,2026-03-30,Celta Vigo,Mallorca,0,2,A,1.701,0.974,Celta Vigo,Mallorca,0,2
2025/2026,33,33,2026-03-28,Alavés,Real Sociedad,3,1,H,1.105,0.725,Alavés,Real Sociedad,3,1
2025/2026,33,33,2026-03-28,Real Madrid,Osasuna,7,1,H,3.5,0.602,Real Madrid,Osasuna,7,1
2025/2026,33,33,2026-03-29,Villarreal,Valencia,1,0,H,2.746,0.561,Villarreal,Valencia,1,0
2025/2026,33,33,2026-03-29,Atlético Madrid,Girona,3,0,H,2.399,0.341,Atlético Madrid,Girona,3,0
2025/2026,33,33,2026-03-29,Espanyol,Real Oviedo,2,0,H,2.807,0.395,Espanyol,Real Oviedo,2,0
2025/2026,33,33,2026-03-28,Real Betis,Levante,1,0,H,0.817,0.2,Real Betis,Levante,1,0
2025/2026,33,33,2026-03-28,Athletic Bilbao,Getafe,1,2,A,1.633,1.112,Athletic Bilbao,Getafe,1,2
2025/2026,34,34,2026-04-05,Levante,Barcelona,0,3,A,0.348,3.0,Levante,Barcelona,0,3
2025/2026,34,34,2026-04-05,Real Oviedo,Getafe,0,3,A,0.594,1.223,Real Oviedo,Getafe,0,3
2025/2026,34,34,2026-04-05,Girona,Elche,1,1,D,1.172,1.917,Girona,Elche,1,1
2025/2026,34,34,2026-04-04,Valencia,Celta Vigo,2,1,H,0.992,1.437,Valencia,Celta Vigo,2,1
2025/2026,34,34,2026-04-05,Osasuna,Alavés,1,0,H,0.943,0.926,Osasuna,Alavés,1,0
2025/2026,34,34,2026-04-05,Real Sociedad,Real Madrid,1,2,A,0.813,2.612,Real Sociedad,Real Madrid,1,2
2025/2026,34,34,2026-04-04,Mallorca,Villarreal,1,2,A,0.968,1.85,Mallorca,Villarreal,1,2
2025/2026,34,34,2026-04-04,Sevilla,Atlético Madrid,0,0,D,0.65,1.422,Sevilla,Atlético Madrid,0,0
2025/2026,34,34,2026-04-04,Rayo Vallecano,Espanyol,0,1,A,1.053,1.444,Rayo Vallecano,Espanyol,0,1
2025/2026,34,34,2026-04-06,Athletic Bilbao,Real Betis,0,1,A,0.576,0.587,Athletic Bilbao,Real Betis,0,1
2025/2026,35,35,2026-04-12,Barcelona,Rayo Vallecano,5,0,H,3.133,0.424,Barcelona,Rayo Vallecano,5,0
2025/2026,35,35,2026-04-11,Athletic Bilbao,Sevilla,5,1,H,2.114,1.589,Athletic Bilbao,Sevilla,5,1
2025/2026,35,35,2026-04-13,Getafe,Mallorca,3,0,H,1.382,1.035,Getafe,Mallorca,3,0
2025/2026,35,35,2026-04-12,Elche,Real Sociedad,1,1,D,1.531,0.893,Elche,Real Sociedad,1,1
2025/2026,35,35,2026-04-11,Celta Vigo,Osasuna,1,1,D,1.701,0.876,Celta Vigo,Osasuna,1,1
2025/2026,35,35,2026-04-11,Alavés,Valencia,1,2,A,1.375,0.608,Alavés,Valencia,1,2
2025/2026,35,35,2026-04-12,Real Madrid,Girona,1,1,D,3.5,0.608,Real Madrid,Girona,1,1
2025/2026,35,35,2026-04-12,Villarreal,Real Oviedo,2,0,H,2.877,0.316,Villarreal,Real Oviedo,2,0
2025/2026,35,35,2026-04-11,Atlético Madrid,Levante,2,0,H,1.799,0.203,Atlético Madrid,Levante,2,0
2025/2026,35,35,2026-04-12,Espanyol,Real Betis,0,0,D,0.765,0.441,Espanyol,Real Betis,0,0
2025/2026,36,36,2026-04-18,Levante,Barcelona,1,2,A,0.348,3.0,Levante,Barcelona,1,2
2025/2026,36,36,2026-04-19,Real Oviedo,Real Betis,0,1,A,0.21,0.646,Real Oviedo,Real Betis,0,1
2025/2026,36,36,2026-04-19,Girona,Athletic Bilbao,0,0,D,1.465,2.03,Girona,Athletic Bilbao,0,0
2025/2026,36,36,2026-04-18,Valencia,Getafe,1,1,D,1.054,1.168,Valencia,Getafe,1,1
2025/2026,36,36,2026-04-19,Osasuna,Elche,1,1,D,1.161,1.283,Osasuna,Elche,1,1
2025/2026,36,36,2026-04-19,Real Sociedad,Celta Vigo,1,2,A,1.183,1.155,Real Sociedad,Celta Vigo,1,2
2025/2026,36,36,2026-04-20,Mallorca,Alavés,1,0,H,1.049,0.926,Mallorca,Alavés,1,0
2025/2026,36,36,2026-04-18,Sevilla,Real Madrid,3,2,H,1.158,3.0,Sevilla,Real Madrid,3,2
2025/2026,36,36,2026-04-19,Rayo Vallecano,Villarreal,2,1,H,0.842,1.48,Rayo Vallecano,Villarreal,2,1
2025/2026,36,36,2026-04-18,Espanyol,Atlético Madrid,1,1,D,0.788,0.97,Espanyol,Atlético Madrid,1,1
2025/2026,37,37,2026-04-26,Barcelona,Rayo Vallecano,4,0,H,3.133,0.424,Barcelona,Rayo Vallecano,4,0
2025/2026,37,37,2026-04-25,Espanyol,Sevilla,5,1,H,2.807,1.192,Espanyol,Sevilla,5,1
2025/2026,37,37,2026-04-26,Real Betis,Mallorca,1,1,D,0.73,0.365,Real Betis,Mallorca,1,1
2025/2026,37,37,2026-04-26,Athletic Bilbao,Real Sociedad,1,0,H,1.621,1.116,Athletic Bilbao,Real Sociedad,1,0
2025/2026,37,37,2026-04-26,Getafe,Osasuna,1,0,H,1.382,0.93,Getafe,Osasuna,1,0
2025/2026,37,37,2026-04-27,Elche,Valencia,3,0,H,1.905,0.748,Elche,Valencia,3,0
2025/2026,37,37,2026-04-25,Celta Vigo,Girona,6,1,H,2.54,0.884,Celta Vigo,Girona,6,1
2025/2026,37,37,2026-04-26,Alavés,Real Oviedo,4,1,H,1.44,0.343,Alavés,Real Oviedo,4,1
2025/2026,37,37,2026-04-25,Real Madrid,Levante,2,0,H,3.5,0.361,Real Madrid,Levante,2,0
2025/2026,37,37,2026-04-25,Villarreal,Atlético Madrid,0,3,A,0.808,0.776,Villarreal,Atlético Madrid,0,3
2025/2026,38,38,2026-05-03,Levante,Barcelona,2,3,A,0.348,3.0,Levante,Barcelona,2,3
2025/2026,38,38,2026-05-02,Real Oviedo,Atlético Madrid,0,0,D,0.216,1.422,Real Oviedo,Atlético Madrid,0,0
2025/2026,38,38,2026-05-03,Girona,Espanyol,1,0,H,1.099,2.695,Girona,Espanyol,1,0
2025/2026,38,38,2026-05-04,Valencia,Real Betis,0,1,A,0.372,0.617,Valencia,Real Betis,0,1
2025/2026,38,38,2026-05-02,Osasuna,Athletic Bilbao,2,1,H,1.451,1.359,Osasuna,Athletic Bilbao,2,1
2025/2026,38,38,2026-05-02,Real Sociedad,Getafe,0,1,A,1.257,0.938,Real Sociedad,Getafe,0,1
2025/2026,38,38,2026-05-03,Mallorca,Elche,2,0,H,1.291,1.283,Mallorca,Elche,2,0
2025/2026,38,38,2026-05-02,Sevilla,Celta Vigo,2,1,H,1.685,1.506,Sevilla,Celta Vigo,2,1
2025/2026,38,38,2026-05-03,Rayo Vallecano,Alavés,2,0,H,0.913,0.741,Rayo Vallecano,Alavés,2,0
2025/2026,38,38,2026-05-03,Villarreal,Real Madrid,0,1,A,1.438,1.857,Villarreal,Real Madrid,0,1
